{
  "project_info": {
    "project_number": "81010237365",
    "firebase_url": "https://driver-app-1509531231541.firebaseio.com",
    "project_id": "driver-app-1509531231541",
    "storage_bucket": "driver-app-1509531231541.appspot.com"
  },
  "client": [
    {
      "client_info": {
        "mobilesdk_app_id": "1:81010237365:android:c1b69c1724f5e470",
        "android_client_info": {
          "package_name": "com.taxivaxi.driver"
        }
      },
      "oauth_client": [
        {
          "client_id": "81010237365-ppjjn42hun290n97o3grtdbkomk8a148.apps.googleusercontent.com",
          "client_type": 1,
          "android_info": {
            "package_name": "com.taxivaxi.driver",
            "certificate_hash": "c1141712681d0a9b8fcc6001647f347ac5943331"
          }
        },
        {
          "client_id": "81010237365-avgntc21dpheaosahpv688v5bermmrch.apps.googleusercontent.com",
          "client_type": 3
        }
      ],
      "api_key": [
        {
          "current_key": "AIzaSyDz8bqvp2xctuxKTv4wpV5VfOZr7p842jw"
        }
      ],
      "services": {
        "analytics_service": {
          "status": 1
        },
        "appinvite_service": {
          "status": 2,
          "other_platform_oauth_client": [
            {
              "client_id": "81010237365-avgntc21dpheaosahpv688v5bermmrch.apps.googleusercontent.com",
              "client_type": 3
            }
          ]
        },
        "ads_service": {
          "status": 2
        }
      }
    }
  ],
  "configuration_version": "1"
}